,type,TP,FP,FN,IOU
0007-page1.png,gray,0.0,2.0,2.0,0.0
0008-page0.png,gray,0.0,2.0,2.0,0.0
0009-page0.png,gray,0.0,3.0,2.0,0.0
0011-page0.png,gray,0.0,2.0,15.0,0.0
0016-page1.png,gray,12.0,3.0,9.0,10.201740047313141
0018-page0.png,gray,0.0,2.0,2.0,0.0
01._2019-10-01_Email_RE_olo_4605707_Bickersgracht_201-1.png,black,10.0,6.0,0.0,8.642055558602006
0516. RE Mails aan de wethouder (Dijksma)_ocr-1.png,black,13.0,1.0,0.0,10.17349617845238
0516. RE Mails aan de wethouder (Dijksma)_ocr-2.png,black,11.0,1.0,0.0,8.838751704311479
0527-1.png,black,12.0,8.0,6.0,10.318000336806252
0680. RE OD - toezicht bouw en woningtoezicht - Grimburgwal(1)_ocr-1.png,black,34.0,1.0,0.0,27.929851226262432
0680. RE OD - toezicht bouw en woningtoezicht - Grimburgwal(1)_ocr-3.png,black,30.0,2.0,0.0,24.800612471729618
0680. RE OD - toezicht bouw en woningtoezicht - Grimburgwal(1)_ocr-4.png,black,26.0,0.0,0.0,21.96517068763946
0680. RE OD - toezicht bouw en woningtoezicht - Grimburgwal(1)_ocr-6.png,black,2.0,1.0,0.0,1.5549590013897752
10. Verslag_Staf_Saskia_Groenewoud_1_april_2019 zonder markering-1.png,black,22.0,1.0,0.0,18.368927914874153
10. Verslag_Staf_Saskia_Groenewoud_1_april_2019 zonder markering-3.png,black,40.0,0.0,0.0,33.856141646141296
122. overleg over Overlast en andere zaken-1.png,black,35.0,2.0,9.0,28.224452629718513
122. overleg over Overlast en andere zaken-3.png,black,11.0,1.0,5.0,9.120686361686834
127. RE VVR Brussel-1.png,black,12.0,0.0,2.0,9.821671705802174
130. mail 14-03-2016 uitbouw_Geredigeerd-1.png,black,17.0,0.0,0.0,13.978375013775038
19._overleg_4_over_afhandeling-email-2.png,black,35.0,0.0,0.0,28.89365769857043
19._overleg_4_over_afhandeling-email-3.png,black,14.0,0.0,0.0,11.334481896531887
20150508-2028-mail-lezing-aan-hopex_geredigeerd-1.png,black,11.0,1.0,3.0,9.797378259783024
20150615-1726-inzake-media-verz-int-beraad_geredi-1.png,black,11.0,2.0,9.0,9.535923720980481
20180321_bijlage_1_bij_agenda_stuurgroep_conceptverslag_stuurgroep_13122017-1.png,black,23.0,0.0,0.0,19.438052548078286
2019-12-20_wob-verzoek_erfpacht_telegraaf_geredigeerd-5.png,black,1.0,2.0,2.0,0.9651845637583892
20201112_notulen_overleg_Provincie_Staatsbosbeheer_docx43665056_3181b951cf-2.png,black,12.0,0.0,2.0,9.713697404594983
2021-03-09_FW_Annotatie_Evenementen-1.png,black,12.0,0.0,0.0,9.692708629148575
292. RE_ te plannen afspraak wethoud met vertegen_-2.png,black,41.0,1.0,2.0,35.163981375652924
34_Geredigeerd-1.png,black,21.0,0.0,0.0,17.83223531968143
34_Geredigeerd-2.png,black,3.0,0.0,1.0,2.4822414594522257
462._Bijlage_bij_nr._463-3.png,black,19.0,0.0,2.0,14.558640520317818
462._Bijlage_bij_nr._463-4.png,black,13.0,0.0,0.0,10.098694405839371
48._RE_Ter_correctie_-_Nieuwsbrief_nr._2_Gebruik_van_code_2-3.png,gray,37.0,7.0,1.0,29.648601257632272
521. RE_ De Nieuwe Meervaart 17-10 -1.png,black,21.0,0.0,3.0,17.068670212251927
5_20171011_verslag_-_projectgroep_gemeente_fca_17_07_geanonimiseerd-3.png,black,11.0,1.0,1.0,9.06979690035008
68.b bericht over afspraak afstemming-1.png,black,30.0,2.0,4.0,24.473559745472947
68.c bericht over afspraak afstemming-1.png,black,27.0,0.0,0.0,22.711414917308606
751._FW_Stukken_voor_wethouderoverleg_15_januari-1.png,black,24.0,1.0,0.0,21.316449545372183
773. RE_ Flap college B&W de Meervaart 2_Geredigeerd-1.png,black,34.0,0.0,0.0,29.286496769120184
89 FW_ Fietsparkeervoorziening Lijnbaansgracht - Orderbevestiging_2 -1.png,black,14.0,1.0,0.0,11.893623634818994
89 FW_ Fietsparkeervoorziening Lijnbaansgracht - Orderbevestiging_2 -2.png,black,15.0,0.0,0.0,12.433494947847027
89 FW_ Fietsparkeervoorziening Lijnbaansgracht - Orderbevestiging_2 -3.png,black,13.0,1.0,0.0,10.80168647001735
89 FW_ Fietsparkeervoorziening Lijnbaansgracht - Orderbevestiging_2 -6.png,black,16.0,0.0,0.0,13.415694484778328
89 FW_ Fietsparkeervoorziening Lijnbaansgracht - Orderbevestiging_2 -7.png,black,15.0,0.0,0.0,12.434792474957181
944. korte terugkoppeling sessie team GO_Geredigeerd-1.png,black,14.0,0.0,2.0,11.625526245240694
Afschift besluit Wob-verzoek-10.png,black,1.0,0.0,0.0,0.9148580968280468
Afschift besluit Wob-verzoek-4.png,black,1.0,0.0,0.0,0.8633993743482794
Afschift besluit Wob-verzoek-6.png,black,2.0,0.0,0.0,1.8503708392531562
Afschift besluit Wob-verzoek-7.png,black,1.0,0.0,0.0,0.8693812797461661
Beantwoording wob-verzoek communicatie tussen PNH en gem. Heemstede inzake Cruquiusbrug Heemstede-3.png,gray,4.0,1.0,0.0,3.4791356589165914
beslisnota-bij-geannoteerde-agenda-formele-energieraad-28-03-1.png,gray,17.0,0.0,2.0,14.053451654068988
Beslissing-op-Wob-verzoek-inzake-subsidieaanvraag-Waalse-Water.html__concatenated-page3.png,black,7.0,0.0,0.0,6.502157386769268
Beslissing-op-Wob-verzoek-inzake-subsidieaanvraag-Waalse-Water.html__concatenated-page33.png,black,1.0,0.0,0.0,0.9736147757255936
Beslissing-op-Wob-verzoek-inzake-subsidieaanvraag-Waalse-Water.html__concatenated-page40.png,black,8.0,0.0,0.0,7.594776683640288
BESLUIT_Beslissing Stiath 060423_a_page001-001.png,border,5.0,0.0,0.0,4.62555958544352
BESLUIT_Beslissing Stiath 060423_b_page024-001.png,border,1.0,0.0,0.0,0.9388771553762254
Bestanden_18724268-3.png,black,4.0,1.0,0.0,3.368195988017064
bijlage 1 bij besluit op wob-verzoek over film de oost-1.png,black,11.0,2.0,2.0,9.68488655941407
bijlage 1 bij besluit op wob-verzoek over film de oost-15.png,black,3.0,0.0,0.0,2.6854754271449037
bijlage 1 bij besluit op wob-verzoek over film de oost-9.png,black,17.0,0.0,0.0,15.5007509029113
Bijlage-1.png,black,4.0,1.0,1.0,3.6407473745462013
Bijlage-3.png,black,2.0,1.0,0.0,1.5683023629605368
Bijlage-9.png,black,4.0,0.0,0.0,3.538542021652533
bijlage-beslisnota-s-mirt-overzicht-2023-deltaprogramma-2023-en-geactualiseerde-spelregels-van-het-mirt-2.png,gray,0.0,0.0,2.0,0.0
bijlage-beslisnota-s-mirt-overzicht-2023-deltaprogramma-2023-en-geactualiseerde-spelregels-van-het-mirt-4.png,gray,0.0,0.0,1.0,0.0
bijlage-beslisnota-s-mirt-overzicht-2023-deltaprogramma-2023-en-geactualiseerde-spelregels-van-het-mirt-6.png,gray,2.0,0.0,0.0,1.7573205652864057
Bijlagen 2 bij Besluit op Woo-verzoek over uitvoering geven door de Staat aan het vonnis van de rechtbank van 14 april 2021-13.png,color,52.0,4.0,4.0,45.61748856179676
Bijlagen 2 bij Besluit op Woo-verzoek over uitvoering geven door de Staat aan het vonnis van de rechtbank van 14 april 2021-16.png,color,42.0,0.0,2.0,36.98456307859323
Bijlagen 2 bij Besluit op Woo-verzoek over uitvoering geven door de Staat aan het vonnis van de rechtbank van 14 april 2021-2.png,color,20.0,0.0,0.0,17.341442076051564
Bijlagen 2 bij Besluit op Woo-verzoek over uitvoering geven door de Staat aan het vonnis van de rechtbank van 14 april 2021-20.png,color,27.0,9.0,0.0,24.003728785016197
Bijlagen 2 bij Besluit op Woo-verzoek over uitvoering geven door de Staat aan het vonnis van de rechtbank van 14 april 2021-26.png,color,37.0,4.0,2.0,30.502597724281753
Bijlagen 2 bij Besluit op Woo-verzoek over uitvoering geven door de Staat aan het vonnis van de rechtbank van 14 april 2021-30.png,color,33.0,2.0,8.0,28.19610737782716
Bijlagen 2 bij Besluit op Woo-verzoek over uitvoering geven door de Staat aan het vonnis van de rechtbank van 14 april 2021-31.png,color,17.0,3.0,2.0,14.413115003371955
Bijlagen 2 bij Besluit op Woo-verzoek over uitvoering geven door de Staat aan het vonnis van de rechtbank van 14 april 2021-4.png,color,35.0,1.0,3.0,31.018607878569433
Bijlagen 2 bij Besluit op Woo-verzoek over uitvoering geven door de Staat aan het vonnis van de rechtbank van 14 april 2021-8.png,color,10.0,0.0,0.0,9.191522928173764
Bijlagen 2 bij Besluit op Woo-verzoek over uitvoering geven door de Staat aan het vonnis van de rechtbank van 14 april 2021_page003-001.png,color,19.0,3.0,4.0,17.298366033262138
Bijlagen 2 bij Besluit op Woo-verzoek over uitvoering geven door de Staat aan het vonnis van de rechtbank van 14 april 2021_page016-001.png,color,29.0,2.0,1.0,26.371444538862907
Bijlagen bij besluit Woo-verzoek over verantwoord medicijngebruik-102.png,gray,4.0,1.0,1.0,3.385656603422172
Bijlagen bij besluit Woo-verzoek over verantwoord medicijngebruik-106.png,gray,2.0,0.0,0.0,1.6585237650861209
Bijlagen bij besluit Woo-verzoek over verantwoord medicijngebruik-109.png,gray,12.0,1.0,1.0,10.12857640079162
Bijlagen bij besluit Woo-verzoek over verantwoord medicijngebruik-110.png,gray,8.0,1.0,3.0,7.047889976383712
Bijlagen bij besluit Woo-verzoek over verantwoord medicijngebruik-113.png,gray,7.0,0.0,0.0,5.795573794441253
Bijlagen bij besluit Woo-verzoek over verantwoord medicijngebruik-114.png,gray,1.0,0.0,0.0,0.8284341435839457
Bijlagen bij besluit Woo-verzoek over verantwoord medicijngebruik-127.png,gray,8.0,1.0,1.0,6.599644473760849
Bijlagen bij besluit Woo-verzoek over verantwoord medicijngebruik-131.png,gray,1.0,0.0,0.0,0.7903730936819172
Bijlagen bij besluit Woo-verzoek over verantwoord medicijngebruik-134.png,gray,0.0,2.0,1.0,0.0
Bijlagen bij besluit Woo-verzoek over verantwoord medicijngebruik-137.png,gray,1.0,1.0,0.0,0.7771792705252781
Bijlagen bij besluit Woo-verzoek over verantwoord medicijngebruik-142.png,gray,1.0,0.0,0.0,0.8527609573241061
Bijlagen bij besluit Woo-verzoek over verantwoord medicijngebruik-146.png,gray,1.0,1.0,0.0,0.8530875036581796
Bijlagen bij besluit Woo-verzoek over verantwoord medicijngebruik-147.png,gray,0.0,3.0,1.0,0.0
Bijlagen bij besluit Woo-verzoek over verantwoord medicijngebruik-148.png,gray,1.0,0.0,0.0,0.8682161753590325
Bijlagen bij besluit Woo-verzoek over verantwoord medicijngebruik-149.png,gray,1.0,1.0,0.0,0.8164414010683684
Bijlagen bij besluit Woo-verzoek over verantwoord medicijngebruik-151.png,gray,1.0,2.0,0.0,0.8075823400542126
Bijlagen bij besluit Woo-verzoek over verantwoord medicijngebruik-153.png,gray,1.0,0.0,0.0,0.7903638814016173
Bijlagen bij besluit Woo-verzoek over verantwoord medicijngebruik-154.png,gray,1.0,0.0,0.0,0.6627615318732412
Bijlagen bij besluit Woo-verzoek over verantwoord medicijngebruik-157.png,gray,1.0,1.0,0.0,0.8182019977802442
Bijlagen bij besluit Woo-verzoek over verantwoord medicijngebruik-158.png,gray,1.0,2.0,0.0,0.5446537990196079
Bijlagen bij besluit Woo-verzoek over verantwoord medicijngebruik-16.png,gray,0.0,1.0,2.0,0.0
Bijlagen bij besluit Woo-verzoek over verantwoord medicijngebruik-160.png,gray,1.0,4.0,0.0,0.7129980003076449
Bijlagen bij besluit Woo-verzoek over verantwoord medicijngebruik-161.png,gray,0.0,3.0,1.0,0.0
Bijlagen bij besluit Woo-verzoek over verantwoord medicijngebruik-165.png,gray,1.0,1.0,0.0,0.6022012578616353
Bijlagen bij besluit Woo-verzoek over verantwoord medicijngebruik-18.png,gray,0.0,1.0,2.0,0.0
Bijlagen bij besluit Woo-verzoek over verantwoord medicijngebruik-197.png,gray,11.0,0.0,1.0,9.297642530792308
Bijlagen bij besluit Woo-verzoek over verantwoord medicijngebruik-2.png,gray,3.0,0.0,0.0,2.7018351599796424
Bijlagen bij besluit Woo-verzoek over verantwoord medicijngebruik-201.png,gray,7.0,0.0,0.0,5.357757590400286
Bijlagen bij besluit Woo-verzoek over verantwoord medicijngebruik-202.png,gray,9.0,2.0,2.0,7.577277153061601
Bijlagen bij besluit Woo-verzoek over verantwoord medicijngebruik-206.png,gray,1.0,0.0,0.0,0.9599229716486525
Bijlagen bij besluit Woo-verzoek over verantwoord medicijngebruik-211.png,gray,9.0,0.0,0.0,7.475228582663421
Bijlagen bij besluit Woo-verzoek over verantwoord medicijngebruik-215.png,gray,5.0,0.0,1.0,4.264463421857462
Bijlagen bij besluit Woo-verzoek over verantwoord medicijngebruik-22.png,gray,0.0,1.0,1.0,0.0
Bijlagen bij besluit Woo-verzoek over verantwoord medicijngebruik-221.png,gray,2.0,1.0,2.0,1.474927756485422
Bijlagen bij besluit Woo-verzoek over verantwoord medicijngebruik-228.png,gray,4.0,0.0,0.0,2.9388916016391473
Bijlagen bij besluit Woo-verzoek over verantwoord medicijngebruik-230.png,gray,3.0,0.0,0.0,2.628281833718615
Bijlagen bij besluit Woo-verzoek over verantwoord medicijngebruik-240.png,gray,1.0,7.0,0.0,0.5940585050725626
Bijlagen bij besluit Woo-verzoek over verantwoord medicijngebruik-25.png,gray,19.0,0.0,0.0,16.573448954812417
Bijlagen bij besluit Woo-verzoek over verantwoord medicijngebruik-3.png,gray,2.0,0.0,17.0,1.4790294874488614
Bijlagen bij besluit Woo-verzoek over verantwoord medicijngebruik-33.png,gray,6.0,0.0,0.0,5.4099581523341485
Bijlagen bij besluit Woo-verzoek over verantwoord medicijngebruik-36.png,gray,10.0,0.0,2.0,8.398040657215128
Bijlagen bij besluit Woo-verzoek over verantwoord medicijngebruik-39.png,gray,3.0,1.0,0.0,2.5372076295567605
Bijlagen bij besluit Woo-verzoek over verantwoord medicijngebruik-5.png,gray,14.0,1.0,1.0,12.133725364619758
Bijlagen bij besluit Woo-verzoek over verantwoord medicijngebruik-50.png,gray,3.0,0.0,0.0,2.306258376774607
Bijlagen bij besluit Woo-verzoek over verantwoord medicijngebruik-72.png,gray,5.0,0.0,0.0,4.329781202367731
Bijlagen bij besluit Woo-verzoek over verantwoord medicijngebruik-74.png,gray,14.0,0.0,0.0,12.004780707058696
Bijlagen bij besluit Woo-verzoek over verantwoord medicijngebruik-75.png,gray,0.0,6.0,1.0,0.0
Bijlagen bij besluit Woo-verzoek over verantwoord medicijngebruik-79.png,gray,0.0,1.0,1.0,0.0
Bijlagen bij besluit Woo-verzoek over verantwoord medicijngebruik-82.png,gray,25.0,0.0,1.0,21.82230477916712
Bijlagen bij besluit Woo-verzoek over verantwoord medicijngebruik-88.png,gray,5.0,1.0,0.0,4.283634125968
Bijlagen bij besluit Woo-verzoek over verantwoord medicijngebruik-92.png,gray,13.0,0.0,0.0,10.984969090389795
Bijlagen deel 2 bij Woo-besluit bijverdiensten bestuurders semipublieke sector _WNT_-12.png,border,18.0,2.0,1.0,15.340650766909844
Bijlagen deel 2 bij Woo-besluit bijverdiensten bestuurders semipublieke sector _WNT_-14.png,gray,4.0,0.0,0.0,3.5506079543271865
Bijlagen deel 2 bij Woo-besluit bijverdiensten bestuurders semipublieke sector _WNT_-16.png,color,69.0,22.0,0.0,59.434440812125544
Bijlagen deel 2 bij Woo-besluit bijverdiensten bestuurders semipublieke sector _WNT_-3.png,gray,8.0,0.0,0.0,7.171483534961579
Bijlagen deel 2 bij Woo-besluit bijverdiensten bestuurders semipublieke sector _WNT_-7.png,color,0.0,0.0,1.0,0.0
Bijlagen deel 2 bij Woo-besluit bijverdiensten bestuurders semipublieke sector _WNT_page015-001.png,border,18.0,2.0,1.0,15.382343457286826
Binder OneLove-12.png,border,7.0,3.0,1.0,6.6816999320137285
Binder OneLove-5.png,border,4.0,3.0,2.0,3.856849851220288
Binder OneLove_page002-001.png,border,2.0,0.0,2.0,1.856409911666891
Binder OneLove_page005-001.png,border,5.0,0.0,0.0,4.717318071871896
Binder OneLove_page131-001.png,border,6.0,0.0,0.0,5.727018599587086
Binder OneLove_page132-001.png,border,3.0,0.0,0.0,2.862367337947716
Binder OneLove_page172-001.png,border,8.0,0.0,0.0,7.886400163748324
c-sms-berichten-mp-sg-11.png,gray,2.0,2.0,1.0,1.3466195849988067
c-sms-berichten-mp-sg-13.png,gray,1.0,1.0,0.0,0.9060604744742137
c-sms-berichten-mp-sg-14.png,gray,1.0,0.0,1.0,0.5462707162216057
c-sms-berichten-mp-sg-15.png,gray,2.0,1.0,3.0,1.4156529584664825
c-sms-berichten-mp-sg-2.png,gray,2.0,1.0,0.0,1.8557636610175625
c-sms-berichten-mp-sg-26.png,gray,0.0,3.0,1.0,0.0
c-sms-berichten-mp-sg-31.png,gray,5.0,6.0,0.0,4.482011301366835
c-sms-berichten-mp-sg-32.png,gray,6.0,5.0,0.0,5.316528920141762
c-sms-berichten-mp-sg-33.png,gray,0.0,0.0,1.0,0.0
c-sms-berichten-mp-sg-42.png,gray,0.0,0.0,1.0,0.0
c-sms-berichten-mp-sg-7.png,gray,0.0,0.0,4.0,0.0
c-sms-berichten-mp-sg-9.png,gray,0.0,2.0,2.0,0.0
Documenten bij besluit op Wob-verzoek over via Koninklijk Besluit verlopen benoemingen binnen Centraal Tuchtcollege voor de Gezondheidszorg-6.png,gray,3.0,0.0,0.0,2.910670306372351
Documenten bij herziene beslissing op bezwaar Wob-besluit over NGO-schepen op Middellandse Zee-10.png,color,11.0,0.0,0.0,10.49699686253102
Documenten bij herziene beslissing op bezwaar Wob-besluit over NGO-schepen op Middellandse Zee-7.png,color,3.0,3.0,0.0,2.9404112889758993
Documenten bij herziene beslissing op bezwaar Wob-besluit over NGO-schepen op Middellandse Zee-8.png,color,6.0,0.0,0.0,5.801394169961822
Documenten bij herziene beslissing op bezwaar Wob-besluit over NGO-schepen op Middellandse Zee-9.png,color,7.0,0.0,1.0,6.562527518997655
Documenten bij herziene beslissing op bezwaar Wob-besluit over NGO-schepen op Middellandse Zee_page008-001.png,color,3.0,2.0,0.0,2.926921753853967
Documenten bij herziene beslissing op bezwaar Wob-besluit over NGO-schepen op Middellandse Zee_page012-001.png,color,11.0,0.0,0.0,10.386750350503583
Documenten bij Woo-besluit over correspondentie tussen besturen bij totstandkoming rapport Perspectief voor de Gnephoek eo-1.png,color,13.0,3.0,5.0,10.483629490021585
Documenten bij Woo-besluit over correspondentie tussen besturen bij totstandkoming rapport Perspectief voor de Gnephoek eo-12.png,color,7.0,8.0,13.0,5.489983020301121
Documenten bij Woo-besluit over correspondentie tussen besturen bij totstandkoming rapport Perspectief voor de Gnephoek eo-15.png,gray,0.0,0.0,1.0,0.0
Documenten bij Woo-besluit over correspondentie tussen besturen bij totstandkoming rapport Perspectief voor de Gnephoek eo-16.png,color,12.0,3.0,2.0,9.022217076802034
Documenten bij Woo-besluit over correspondentie tussen besturen bij totstandkoming rapport Perspectief voor de Gnephoek eo-24.png,border,2.0,2.0,9.0,1.6765286514617805
Documenten bij Woo-besluit over correspondentie tussen besturen bij totstandkoming rapport Perspectief voor de Gnephoek eo-3.png,color,7.0,6.0,1.0,6.118657748768017
Documenten bij Woo-besluit over correspondentie tussen besturen bij totstandkoming rapport Perspectief voor de Gnephoek eo-9.png,color,8.0,10.0,13.0,6.849620051608278
Documenten bij Woo-besluit over rapporten The Hague Centre for Strategic Studies _HCSS_-11.png,border,3.0,0.0,1.0,2.7289075287878886
Documenten bij Woo-besluit over rapporten The Hague Centre for Strategic Studies _HCSS_-3.png,border,5.0,6.0,1.0,4.484484624497659
Documenten bij Woo-besluit over rapporten The Hague Centre for Strategic Studies _HCSS_page010-001.png,border,2.0,0.0,0.0,1.9720300128892445
Documenten bij Woo-besluit over rapporten The Hague Centre for Strategic Studies _HCSS_page014-001.png,border,1.0,0.0,0.0,0.9875468964372873
documenten-180-226-10.png,gray,5.0,0.0,3.0,4.216482123448542
documenten-180-226-22.png,gray,2.0,2.0,5.0,1.7661568138889605
documenten-180-226-23.png,gray,1.0,0.0,0.0,0.9544928926368517
documenten-180-226-25.png,gray,8.0,3.0,4.0,6.274282874150241
documenten-180-226-30.png,gray,5.0,0.0,1.0,3.5336596447155646
documenten-180-226-37.png,gray,3.0,1.0,3.0,2.433008754989906
documenten-180-226-41.png,gray,2.0,1.0,2.0,1.4792910597663316
documenten-180-226-45.png,gray,5.0,2.0,17.0,3.992900744903509
documenten-180-226-48.png,gray,26.0,0.0,1.0,22.808561211644175
documenten-180-226-5.png,gray,3.0,1.0,0.0,2.7972465341889334
documenten-180-226-51.png,gray,5.0,1.0,6.0,4.409535366476822
documenten-180-226-61.png,gray,6.0,15.0,42.0,5.254998292919386
documenten-180-226-62.png,gray,19.0,3.0,9.0,15.973361947774965
documenten-180-226-70.png,gray,19.0,1.0,3.0,15.70776730687662
documenten-180-226-71.png,gray,10.0,3.0,13.0,7.414529910139241
documenten-180-226-73.png,gray,1.0,0.0,2.0,0.6428815820987444
documenten-180-226-77.png,gray,10.0,2.0,12.0,8.11351017427382
documenten-180-226-79.png,gray,12.0,2.0,6.0,10.255194547112845
documenten-180-226-81.png,gray,3.0,5.0,31.0,2.436962720662942
documenten-180-226-85.png,gray,5.0,1.0,3.0,4.067145044104407
documenten-180-226-88.png,gray,10.0,1.0,2.0,8.89491655303135
documenten-180-226-90.png,gray,12.0,2.0,5.0,11.24320566132523
doucmenten deel 5-13.png,black,5.0,0.0,0.0,4.33917938355655
doucmenten deel 5-2.png,black,13.0,0.0,2.0,11.414782260766904
doucmenten deel 5-21.png,black,19.0,0.0,0.0,17.481764649590176
doucmenten deel 5-29.png,black,21.0,4.0,5.0,18.61803056970613
doucmenten deel 5-3.png,black,17.0,2.0,7.0,15.019671377371973
doucmenten deel 5-33.png,black,9.0,0.0,0.0,8.427955317702919
doucmenten deel 5-37.png,black,11.0,1.0,3.0,9.614684520011956
doucmenten deel 5-38.png,black,11.0,0.0,1.0,9.990333141363765
doucmenten deel 5-39.png,black,8.0,0.0,0.0,7.300628726160175
doucmenten deel 5-4.png,black,21.0,5.0,0.0,18.55938838949351
doucmenten deel 5-41.png,black,6.0,1.0,3.0,4.987655266245552
doucmenten deel 5-42.png,black,14.0,1.0,1.0,12.29655854407431
doucmenten deel 5-43.png,black,16.0,0.0,0.0,13.965490906629007
doucmenten deel 5-45.png,black,17.0,0.0,0.0,14.975788252409965
doucmenten deel 5-46.png,black,11.0,0.0,0.0,9.75206804188706
doucmenten deel 5-47.png,black,10.0,1.0,1.0,8.632287447988842
doucmenten deel 5-49.png,black,11.0,4.0,3.0,9.745199702215885
doucmenten deel 5-50.png,black,15.0,0.0,0.0,13.298502548052655
doucmenten deel 5-53.png,black,4.0,1.0,1.0,3.5467355387764434
doucmenten deel 5-57.png,black,5.0,1.0,0.0,4.526111821565792
doucmenten deel 5-66.png,black,13.0,1.0,2.0,11.4245045456191
doucmenten deel 5-7.png,black,4.0,2.0,0.0,3.5879845215646733
doucmenten deel 5-73.png,black,5.0,3.0,3.0,4.123240994699579
doucmenten deel 5-9.png,black,12.0,0.0,1.0,10.822059112437904
Gelakte stukken Wob-verzoek omgevingsproces Ternaard 2e deel-160.png,gray,0.0,2.0,4.0,0.0
Gelakte stukken Wob-verzoek omgevingsproces Ternaard 2e deel-161.png,gray,12.0,0.0,3.0,9.3255677568028
Gelakte stukken Wob-verzoek omgevingsproces Ternaard 2e deel-192.png,gray,7.0,1.0,4.0,5.612412796749599
Gelakte stukken Wob-verzoek omgevingsproces Ternaard 2e deel-41.png,gray,9.0,1.0,0.0,7.608127289037314
Gelakte stukken Wob-verzoek omgevingsproces Ternaard 2e deel-45.png,gray,5.0,2.0,17.0,4.166171587259757
Gelakte stukken Wob-verzoek omgevingsproces Ternaard 2e deel-83.png,gray,0.0,3.0,2.0,0.0
Gelakte stukken Wob-verzoek omgevingsproces Ternaard 2e deel-93.png,gray,1.0,1.0,1.0,0.8066934404283802
heel_moeilijk-1.png,color,0.0,5.0,6.0,0.0
IMAGES_00000_00000_14175046-1.png,black,37.0,2.0,3.0,30.93874549234646
IMAGES_00000_00000_14175046-2-1.png,black,36.0,3.0,4.0,30.138307358929442
K37089 Wildeman Storage openbaar_Bestanden_15275511-4.png,black,1.0,1.0,1.0,0.5086807605999764
Mail concept raadsbrief 1-10-2020 pdf-3.png,black,4.0,0.0,0.0,3.4797994664915723
nl.mnre1058.2i.2022.1.misc.9-17.png,border,19.0,10.0,61.0,16.177930480645536
nl.mnre1058.2i.2022.1.misc.9-31.png,border,0.0,1.0,16.0,0.0
nl.mnre1058.2i.2022.1.misc.9-42.png,border,0.0,1.0,18.0,0.0
nl.mnre1058.2i.2022.1.misc.9-46.png,border,7.0,4.0,27.0,5.399913863061463
nl.mnre1058.2i.2022.1.misc.9-5.png,border,13.0,0.0,2.0,11.526465136750483
nl.mnre1058.2i.2022.1.misc.9-50.png,gray,1.0,2.0,0.0,0.96167830935014
nl.mnre1058.2i.2022.1.misc.9-51.png,gray,1.0,2.0,0.0,0.9515360927096597
nl.mnre1058.2i.2022.1.misc.9-52.png,border,9.0,8.0,58.0,7.5546006306977755
nl.mnre1058.2i.2022.1.misc.9-54.png,border,9.0,2.0,18.0,7.683769389385969
nl.mnre1058.2i.2022.1.misc.9-55.png,border,9.0,0.0,0.0,8.112825566512468
nl.mnre1058.2i.2022.1.misc.9-56.png,border,7.0,2.0,20.0,6.151480273285863
nl.mnre1058.2i.2022.1.misc.9-57.png,border,24.0,8.0,71.0,19.406471510380616
Ordner1+doc+1-50-1.png,border,15.0,4.0,20.0,12.990801101967788
Ordner1+doc+1-50-12.png,border,1.0,1.0,0.0,0.8540228359001594
Ordner1+doc+1-50-16.png,border,4.0,2.0,11.0,3.2749699650985677
Ordner1+doc+1-50-18.png,border,6.0,1.0,3.0,5.032935355119933
Ordner1+doc+1-50-19.png,border,2.0,0.0,1.0,1.7992153795130328
Ordner1+doc+1-50-23.png,border,3.0,0.0,2.0,2.2440464730236416
Ordner1+doc+1-50-25.png,border,3.0,0.0,4.0,2.5151567223203526
Ordner1+doc+1-50-27.png,border,1.0,1.0,4.0,0.7816770186335403
Ordner1+doc+1-50-30.png,border,12.0,0.0,22.0,10.18265183645443
Ordner1+doc+1-50-4.png,border,13.0,2.0,16.0,10.851615510444336
Ordner1+doc+1-50-6.png,border,1.0,1.0,3.0,0.9241008681273254
Ordner2+doc+51-100-12.png,border,2.0,1.0,2.0,1.8642743053816888
Ordner2+doc+51-100-19.png,border,3.0,1.0,2.0,2.7712511676236664
Ordner2+doc+51-100-2.png,border,3.0,5.0,2.0,2.548915570980568
Ordner2+doc+51-100-25.png,border,3.0,1.0,2.0,2.4911416506431245
Ordner2+doc+51-100-28.png,border,2.0,1.0,3.0,1.810037675525578
Ordner2+doc+51-100-29.png,border,1.0,5.0,4.0,0.8920678293016153
Ordner2+doc+51-100-30.png,border,3.0,0.0,2.0,2.5493649931390054
Ordner2+doc+51-100-4.png,border,3.0,0.0,2.0,2.6957011472380015
RE_Vervolgonderzoek_Windenergie_rond_de_Veluwe_gegevens_t_b_v_doorrekening_buca_s_i_r_t_stilstand_msg_34663024b1-4.png,black,2.0,0.0,2.0,1.4374682132524164
Wob-besluit-inzake-opkoopregeling-kalverhouderij-2021-010918.html__concatenated-page2.png,black,2.0,3.0,0.0,1.9576414834667455
Wob-besluit-inzake-opkoopregeling-kalverhouderij-2021-010918.html__concatenated-page4.png,black,2.0,0.0,0.0,1.939910297173847
Wob-besluit-Onthaasten-Arrangementen-B-V-zaaknummer-2021-011108.html__concatenated-page1.png,black,4.0,0.0,0.0,3.799635307095457
Wob-besluit-Project-No-Waste-2021-011855__concatenated-page-006.png,black,4.0,0.0,0.0,3.7595070193536895
Wob-besluit-Project-No-Waste-2021-011855__concatenated-page-011.png,black,5.0,0.0,0.0,4.756307959372888
wob-verzoek_omgevingsvergunning_terrein_nieuwendammerdijk_538-963594-page1.png,gray,3.0,1.0,1.0,2.475727226928388
wob-verzoek_ontstaansgeschiedenis_ijplein_voormalig_adm-terrein-963340-page0.png,gray,1.0,0.0,0.0,0.9898720372695207
wob-verzoek_originele_bouwtekeningen_hilversumstraat_46_48_52_54_en_56-963319-page0.png,gray,4.0,0.0,1.0,3.6337133649191027
wob-verzoek_uitvoeringsrichtlijn_kruimelgevallen-964248-page0.png,black,3.0,2.0,1.0,2.684749612734449
wob-verzoek_vmr-land_voor_publicatie-986643-page0.png,black,1.0,0.0,0.0,0.9373463429625076
wob-verzoek_voor_publicatie-963263-page0.png,black,8.0,0.0,0.0,7.4509768463485075
wob-verzoek_wieringa_tweede_bloemdwarsstraat_2-990937-page1.png,black,1.0,0.0,0.0,0.9694648395048638
wob_verzoek_postzegelpark-969443-page0.png,black,9.0,5.0,15.0,6.971734605499627
wob_verzoek_stukken_hondenverbod_kop_van_jut-964275-page1.png,black,48.0,0.0,0.0,44.139842670442654
wob_verzoek_uitbreiding_terras-970022-page1.png,black,2.0,0.0,0.0,1.6774609843937576
woo-kennisgroepstandpunten-formeel-recht-deelbesluit-2-documenten_page009-001.png,border,2.0,0.0,1.0,1.9973294516779754
woo-niet-evacueren-medewerkers-atvet-documenten-2.png,border,1.0,0.0,1.0,0.9954237922282809
woo-niet-evacueren-medewerkers-atvet-documenten-5.png,border,22.0,0.0,8.0,19.869364108558685
woo-niet-evacueren-medewerkers-atvet-documenten-7.png,border,65.0,3.0,32.0,59.57073623743818
woo-niet-evacueren-medewerkers-atvet-documenten-8.png,border,8.0,0.0,30.0,6.887787333186913
woo-niet-evacueren-medewerkers-atvet-documenten-9.png,border,48.0,1.0,14.0,41.832486881086005
woo-voorbereiding-toespraak-14-december-2020-14.png,gray,0.0,2.0,2.0,0.0
